{
  "project_info": {
    "project_number": "805186092556",
    "firebase_url": "https://navjeevan-e8a10.firebaseio.com",
    "project_id": "navjeevan-e8a10",
    "storage_bucket": "navjeevan-e8a10.appspot.com"
  },
  "client": [
    {
      "client_info": {
        "mobilesdk_app_id": "1:805186092556:android:86adde84a8e34011",
        "android_client_info": {
          "package_name": "com.example.alok.navjeevan"
        }
      },
      "oauth_client": [
        {
          "client_id": "805186092556-jp0mu8cl7or4qjcs5jg55oafja2dhe0d.apps.googleusercontent.com",
          "client_type": 1,
          "android_info": {
            "package_name": "com.example.alok.navjeevan",
            "certificate_hash": "dfd7f4f0a34195493e772167be8bfaab16bc74d9"
          }
        },
        {
          "client_id": "805186092556-qmav6bo2imvs1h03nbtfhcji3rd8fj9q.apps.googleusercontent.com",
          "client_type": 3
        }
      ],
      "api_key": [
        {
          "current_key": "AIzaSyDusKRd-0e6ofZI15CxwaM_W2v1KeaeQ3I"
        }
      ],
      "services": {
        "analytics_service": {
          "status": 1
        },
        "appinvite_service": {
          "status": 2,
          "other_platform_oauth_client": [
            {
              "client_id": "805186092556-qmav6bo2imvs1h03nbtfhcji3rd8fj9q.apps.googleusercontent.com",
              "client_type": 3
            }
          ]
        },
        "ads_service": {
          "status": 2
        }
      }
    }
  ],
  "configuration_version": "1"
}